Name,Household,Table
Varghese Peter,Varghese Peter,1
Siji Varghese,Varghese Peter,1
Sibin Peter,Sibin Peter,1
Julie George Peter,Sibin Peter,1
K C Thomas,K C Thomas,1
Lissy Thomas,K C Thomas,1
James Chacko,James Chacko,1
Jessy Chacko,James Chacko,1
C. D. Abraham,C. D. Abraham,1
Jessey Abraham,C. D. Abraham,1
Gladison Chacko,Gladison Chacko,1
Beena Gladison,Gladison Chacko,1
Laila Aly Peter,Sibin Peter,1
Sneha Varghese,Varghese Peter,1
Pr. Finney Thomas,Pr. Finney Thomas,2
Jigi Thomas,Pr. Finney Thomas,2
Johnson Thomas  (Sunnychayan),Johnson Thomas  (Sunnychayan),2
Annie Thomas,Johnson Thomas  (Sunnychayan),2
Christudas Devadasan,Christudas Devadasan,2
George John Kalloor,George John Kalloor,2
Susan George,George John Kalloor,2
Thomas Verghese,Thomas Verghese,2
Thomas K Oommen,Thomas K Oommen,3
Jaicy Thomas,Jaicy Thomas,3
Evelyn Thomas,Evelyn Thomas,3
Ezekiel Thomas,Evelyn Thomas,3
Santhosh Benjamin,Santhosh Benjamin,3
Johnsy Benjamin,Santhosh Benjamin,3
Godwin Gladison,Godwin Gladison,3
Benson Gladison,Godwin Gladison,3
Thomson Thomas,Thomson Thomas,4
Linda Thomas,Thomson Thomas,4
Lyanna Thomas,Thomson Thomas,4
Praison Jacob,Praison Jacob,4
Elizabeth Praison,Praison Jacob,4
Elianna Praison,Praison Jacob,4
Jagdish Mitter,Jagdish Mitter,4
Monica Mitter,Jagdish Mitter,4
Myka Thomas,Thomson Thomas,4
Jason James,Jason James,5
Rebekah James,Jason James,5
Daniel Alex,Daniel Alex,5
Justina Alex,Daniel Alex,5
Daniel Ommen,James Chacko,5
Elisa Ommen,James Chacko,5
Daniel Abraham,Daniel Abraham,5
Ashley Ninan,Daniel Abraham,5
Isaiah Alex,Daniel Alex,5
Christopher James,Jason James,5
Daniel Pappan,Daniel Pappan,6
Kunjamma Pappan,Daniel Pappan,6
Biji Ninan,Biji Ninan,6
Sherly Ninan,Biji Ninan,6
Joji Joseph,Joji Joseph,6
Susan Joseph,Joji Joseph,6
Jacob Thomas,Jacob Thomas,6
Licy Jacob,Jacob Thomas,6
Thomas Joseph (James) LI,Thomas Joseph (James) LI,7
Annamma Thomas ,Annamma Thomas ,7
Liju Thomas,Liju Thomas,7
Asha Liju,Liju Thomas,7
Sam Memana,Sam Memana,7
Shinu Sam,Sam Memana,7
Jerin Joe James,Jerin Joe James,7
Juliya Jerin,Jerin Joe James,7
Rebecca Abraham,Rebecca Abraham,8
Monia Bonkoungou,Monia Bonkoungou,8
Gray Caldwell,Gray Caldwell,8
Krystal Yohannan,Richie Philipose,8
Richie Philipose,Richie Philipose,8
C. M. Mammen,C. M. Mammen,9
Molamma Mammen,C. M. Mammen,9
Wilson George,Wilson George,9
Lisa Wilson,Wilson George,9
John Thomas,John Thomas,9
Kunjamma John,John Thomas,9
Pr. Benjamin Daniel,Pr. Benjamin Daniel,9
Jessy Benjamin,Pr. Benjamin Daniel,9
Blessen Kochumon,Blessen Kochumon,10
Elizabeth Blessen,Blessen Kochumon,10
Anu Susan Daniel,Anu Susan Daniel,10
Arun Mangadan,Arun Mangadan,10
Hannah Jacob,Arun Mangadan,10
Rajendran Mangadan,Arun Mangadan,10
Girija Kolangarath,Arun Mangadan,10
Luca Blessen,Arun Mangadan,10
Sarah Mangadan,Arun Mangadan,10
George George,George George,11
Ammukkutty George,George George,11
Iype Isaac,Iype Isaac,11
Latha Iype,Iype Isaac,11
Alyemma Simon,Alyemma Simon,11
Rachel Abraham,Arun Mangadan,11
Alolil Thomas,Alolil Thomas,11
Lissy Thomas,Alolil Thomas,11
Tony George,Tony George,12
Mridula George,Tony George,12
Aiden George,Tony George,12
Arielle George,Tony George,12
Ebby Zechariah,Ebby Zechariah,12
Tina Eby,Ebby Zechariah,12
Ruth Zechariah,Ebby Zechariah,12
Daniel Zechariah,Ebby Zechariah,12
Anorrah George,Tony George,12
Mathew Thomas - Binu ICANJ,Mathew Thomas,13
Jenny Thomas,Mathew Thomas,13
Sibu Varghese,Sibu Varghese,13
Betsy Varghese,Sibu Varghese,13
Charlise Mathew,Charlise Mathew,13
Alice Charlise,Charlise Mathew,13
Samkutty George,Samkutty George,13
Mercy Samkutty,Samkutty George,13
Jayden Thomas,Mathew Thomas,14
Jiya Thomas,Mathew Thomas,14
Janita Varghese,Sibu Varghese,14
Hannah Varghese,Sibu Varghese,14
Alan Sunil,Rehka Sunil,14
Aaron Sunil,Rehka Sunil,14
Solomon Koshy,Solomon Koshy,15
Alice Koshy,Solomon Koshy,15
Steephenson George,Steephenson George,15
Salila Steephenson,Steephenson George,15
Johnson George,Johnson George,15
Babymol Johnson,Johnson George,15
Noah George,Noah George,16
Shincy George,Noah George,16
Jacob George,Noah George,16
Jonah George,Noah George,16
Joann George,Noah George,16
Rehka Sunil,Rehka Sunil,16
Abraham Varghese,Abraham Varghese,16
Sophy Abraham,Abraham Varghese,16
Jaison Abraham,Jaison Abraham,17
Deepa Alex,Jaison Abraham,17
Ethan Abraham,Jaison Abraham,17
Elaine Abraham,Jaison Abraham,17
Jolly Abhilash,Abhilash Kornalliose,17
Abhilash Kornalliose,Abhilash Kornalliose,17
Alby Kornalliose,Abhilash Kornalliose,17
Alwyn Kornalliose,Abhilash Kornalliose,17
Stanley Mammen,Stanley Mammen,18
Princy Mammen,Stanley Mammen,18
Felix Mathew,Felix Mathew,18
Jeana Felix,Felix Mathew,18
Feba Thomas,Deniz Baby,18
Deniz Baby,Deniz Baby,18
Johnson Thomas,Johnson Thomas,18
Bella Johnson,Johnson Thomas,18
Joseph Mathew,Joseph Mathew,19
Susamma Joseph,Joseph Mathew,19
Pr Matthew Zecheriah,Pr Matthew Zecheriah,19
Blessy Mathew,Pr Matthew Zecheriah,19
Daniel Kochukoshy,Daniel Kochukoshy,19
Mariamma Daniel,Daniel Kochukoshy,19
Anit Matthew,Anit Matthew,20
Sherin Matthew,Anit Matthew,20
Samuel Matthew,Anit Matthew,20
Manoj Mathew,Manoj Mathew,20
Jaise Mathew,Manoj Mathew,20